name,area,average_lat,average_long,max_lat,min_lat,max_long,min_long
Icaricia acmon,125812.02094955742,36.951752294409935,-120.97707316708075,46.897672,32.482796,-115.501321,-124.277515
